<?xml version="1.0" encoding="UTF-8"?>
<manifest identifier="g7d84789646e7f0012fb051242637d773" xmlns="http://www.imsglobal.org/xsd/imsccv1p1/imscp_v1p1" xmlns:lom="http://ltsc.ieee.org/xsd/imsccv1p1/LOM/resource" xmlns:lomimscc="http://ltsc.ieee.org/xsd/imsccv1p1/LOM/manifest" xmlns:xsi="http://www.w3.org/2001/XMLSchema-instance" xsi:schemaLocation="http://www.imsglobal.org/xsd/imsccv1p1/imscp_v1p1 http://www.imsglobal.org/profile/cc/ccv1p1/ccv1p1_imscp_v1p2_v1p0.xsd http://ltsc.ieee.org/xsd/imsccv1p1/LOM/resource http://www.imsglobal.org/profile/cc/ccv1p1/LOM/ccv1p1_lomresource_v1p0.xsd http://ltsc.ieee.org/xsd/imsccv1p1/LOM/manifest http://www.imsglobal.org/profile/cc/ccv1p1/LOM/ccv1p1_lommanifest_v1p0.xsd">
  <metadata>
    <schema>IMS Common Cartridge</schema>
    <schemaversion>1.1.0</schemaversion>
    <lomimscc:lom>
      <lomimscc:general>
        <lomimscc:title>
          <lomimscc:string>Steven's Sandbox</lomimscc:string>
        </lomimscc:title>
      </lomimscc:general>
      <lomimscc:lifeCycle>
        <lomimscc:contribute>
          <lomimscc:date>
            <lomimscc:dateTime>2021-03-23</lomimscc:dateTime>
          </lomimscc:date>
        </lomimscc:contribute>
      </lomimscc:lifeCycle>
      <lomimscc:rights>
        <lomimscc:copyrightAndOtherRestrictions>
          <lomimscc:value>yes</lomimscc:value>
        </lomimscc:copyrightAndOtherRestrictions>
        <lomimscc:description>
          <lomimscc:string>Private (Copyrighted) - http://en.wikipedia.org/wiki/Copyright</lomimscc:string>
        </lomimscc:description>
      </lomimscc:rights>
    </lomimscc:lom>
  </metadata>
  <organizations>
    <organization identifier="org_1" structure="rooted-hierarchy">
      <item identifier="LearningModules">
      </item>
    </organization>
  </organizations>
  <resources>
    <resource identifier="gf95d8af2211acbdb7a1f84ab5af3cc66" type="associatedcontent/imscc_xmlv1p1/learning-application-resource" href="course_settings/canvas_export.txt">
      <file href="course_settings/course_settings.xml"/>
      <file href="course_settings/files_meta.xml"/>
      <file href="course_settings/media_tracks.xml"/>
      <file href="course_settings/canvas_export.txt"/>
    </resource>
    <resource identifier="g1058d65ce142a0ecd7b1ede8a58a8235" type="webcontent" href="wiki_content/home-page.html">
      <file href="wiki_content/home-page.html"/>
    </resource>
  </resources>
</manifest>
